<?xml version="1.0" encoding="UTF-8"?>

<mule xmlns:db="http://www.mulesoft.org/schema/mule/db" xmlns:json="http://www.mulesoft.org/schema/mule/json" xmlns:http="http://www.mulesoft.org/schema/mule/http" xmlns:tracking="http://www.mulesoft.org/schema/mule/ee/tracking" xmlns="http://www.mulesoft.org/schema/mule/core" xmlns:doc="http://www.mulesoft.org/schema/mule/documentation"
	xmlns:spring="http://www.springframework.org/schema/beans" 
	xmlns:xsi="http://www.w3.org/2001/XMLSchema-instance"
	xsi:schemaLocation="http://www.springframework.org/schema/beans http://www.springframework.org/schema/beans/spring-beans-current.xsd
http://www.mulesoft.org/schema/mule/core http://www.mulesoft.org/schema/mule/core/current/mule.xsd
http://www.mulesoft.org/schema/mule/http http://www.mulesoft.org/schema/mule/http/current/mule-http.xsd
http://www.mulesoft.org/schema/mule/db http://www.mulesoft.org/schema/mule/db/current/mule-db.xsd
http://www.mulesoft.org/schema/mule/ee/tracking http://www.mulesoft.org/schema/mule/ee/tracking/current/mule-tracking-ee.xsd
http://www.mulesoft.org/schema/mule/json http://www.mulesoft.org/schema/mule/json/current/mule-json.xsd">
    <http:listener-config name="HTTP_Listener_Configuration" host="0.0.0.0" port="8081" doc:name="HTTP Listener Configuration"/>
    <db:mysql-config name="MySQL_Configuration" host="db-mule" port="3306" user="root" password="fiap2019" database="fiap" doc:name="MySQL Configuration"/>
    <flow name="empreagoflowFlow">
        <http:listener config-ref="HTTP_Listener_Configuration" path="/empregado" allowedMethods="GET,POST,PUT" doc:name="HTTP"/>
        <choice doc:name="Choice">
            <when expression="#[message.inboundProperties.'http.method' == 'GET']">
                <db:select config-ref="MySQL_Configuration" doc:name="select empregado">
                    <db:parameterized-query><![CDATA[SELECT * FROM EMPREGADO]]></db:parameterized-query>
                </db:select>
                <json:object-to-json-transformer doc:name="Object to JSON"/>
            </when>
            <when expression="#[message.inboundProperties.'http.method' == 'POST']">
                <json:json-to-object-transformer returnClass="java.lang.Object" doc:name="JSON to Object"/>
                <db:insert config-ref="MySQL_Configuration" doc:name="insert empregado" autoGeneratedKeys="true" autoGeneratedKeysColumnNames="id_insert">
                    <db:parameterized-query><![CDATA[INSERT INTO EMPREGADO VALUES (
null,
#[message.payload.nome],
#[message.payload.cargo] );]]></db:parameterized-query>
                </db:insert>
                <json:object-to-json-transformer doc:name="Object to JSON"/>
                <logger message="Payload is #[message.payloadAs(java.lang.String)]" level="INFO" doc:name="Logger"/>
            </when>
        </choice>
    </flow>
</mule>
